link,title
http://www.makersacademy.com/privacy/,Makers Academy - Learn to code in 12 weeks
http://www.makersacademy.com/terms/,Makers Academy - Learn to code in 12 weeks
http://www.makersacademy.com/code-of-conduct/,Makers Academy - Learn to code in 12 weeks
https://www.mozilla.org/en-GB/firefox/new/,Download Firefox — Free Web Browser — Mozilla
http://www.makersacademy.com/remote-terms/,Makers Academy - Learn to code in 12 weeks
http://blog.makersacademy.com/,Makers Academy Blog
http://www.makersacademy.com/payment/,Makers Academy - Learn to code in 12 weeks
http://blog.makersacademy.com/page/2/,Makers Academy Blog - Page 2
https://www.mozilla.org/en-US/firefox/47.0.1/releasenotes/,Firefox — Notes (47.0.1) — Mozilla
https://www.mozilla.org/en-US/firefox/ios/4.0/releasenotes/,Firefox for iOS — Notes (4.0) — Mozilla
https://www.mozilla.org/en-US/firefox/android/all/,Mozilla Firefox Web Browser — Download Firefox for Android in your language — Mozilla
https://www.youtube.com/user/makersacademy,"  makersacademy
 - YouTube"
https://www.mozilla.org/en-US/firefox/android/47.0/releasenotes/,Firefox for Android — Notes (47.0) — Mozilla
https://www.mozilla.org/en-US/firefox/47.0.1/system-requirements/,Firefox — 47.0.1 System Requirements — Mozilla
https://www.edaid.com/university/makers-academy/apply,EdAid  - Crowdfunding for Education. Interest Free.
https://www.gov.uk/career-development-loans/overview,Professional and Career Development Loans - GOV.UK
https://makersacademy.futurefinance.com/,Private Student Loans in the UK | Future Finance
https://www.switchup.org/bootcamps/makers-academy,Makers Academy Reviews
http://www.nationalarchives.gov.uk/information-management/re-using-public-sector-information/copyright-and-re-use/crown-copyright/,Crown copyright - The National Archives
https://twitter.com/makersacademy,Makers Academy (@makersacademy) | Twitter
https://mixpanel.com/?from=partner,Mixpanel | Mobile Analytics
http://www.legislation.gov.uk/ukpga/1988/48/section/163,"Copyright, Designs and Patents Act 1988"
https://twitter.com/signup,Sign up for Twitter
https://www.coursereport.com/schools/makers-academy,Makers Academy Reviews | Course Report
https://mixpanel.com/help/,Help Center - Mixpanel | Mobile Analytics
https://twitter.com/account/begin_password_reset,Password Reset
https://twitter.com/signup?lang=uk,Зареєструйтесь у Твіттері
https://twitter.com/login,Login on Twitter
https://mixpanel.com/jobs/,Jobs - Mixpanel | Mobile Analytics
https://mixpanel.com/engagement/,"
    Engagement
 - Mixpanel | Mobile Analytics"
https://twitter.com/signup?lang=ja,アカウント作成
https://twitter.com/account/begin_password_reset?lang=mr,पासवर्ड रिसेट करा
https://twitter.com/signup?lang=en,Sign up for Twitter
https://developer.mozilla.org/en-US/Firefox/Releases/4,Firefox 4 for developers - Mozilla | MDN
https://developer.mozilla.org/en-US/Firefox/Releases/47,Firefox 47 for developers - Mozilla | MDN
https://twitter.com/signup?lang=zh-tw,註冊 Twitter
https://twitter.com/signup?lang=zh-cn,注册 Twitter
https://play.google.com/store/apps/details?id=com.mixpanel.dashboard,Mixpanel – Android Apps on Google Play
https://twitter.com/account/begin_password_reset?lang=en,Password Reset
https://mixpanel.com/codeless-mobile-analytics/,Codeless Mobile Analytics - Mixpanel
https://mixpanel.com/people/,"
    People
 - Mixpanel | Mobile Analytics"
https://dev.twitter.com/web/embedded-tweets,Embed a Single Tweet | Twitter Developers
https://mixpanel.com/notifications/,"
    Notifications
 - Mixpanel | Mobile Analytics"
https://boards.greenhouse.io/mixpanel/jobs/141829,Job Application for Technical Recruiter at Mixpanel
https://mixpanel.com/jql/,"
    JQL
 - Mixpanel | Mobile Analytics"
https://www.coursereport.com/,Coding Bootcamp Reviews: Course Report
https://developer.mozilla.org/en-US/profiles/yisibl,yisibl | MDN
https://developer.mozilla.org/en-US/profiles/Chealer,Chealer | MDN
https://itunes.apple.com/us/app/mixpanel/id1032086092?ls=1&mt=8,Mixpanel on the App Store
https://support.twitter.com/articles/14226,Tweeting via text message | Twitter Help Center
https://mixpanel.com/revenue/,Revenue Analytics - Mixpanel | Mobile Analytics
https://mixpanel.com/help/reference/jql/examples,Mixpanel JQL - Examples  - Mixpanel | Mobile Analytics
https://mixpanel.com/funnels/,"
    Funnels
 - Mixpanel | Mobile Analytics"
https://developer.mozilla.org/en-US/profiles/teoli,teoli | MDN
https://developer.mozilla.org/en-US/docs/Mozilla/js-ctypes,js-ctypes - Mozilla | MDN
https://mixpanel.com/help/reference/java,Mixpanel Java API Overview - Mixpanel | Mobile Analytics
https://mixpanel.com/help/reference/as3,Mixpanel Actionscript 3 API Overview - Mixpanel | Mobile Analytics
https://developer.mozilla.org/en-US/docs/Web/JavaScript/Reference/Global_Objects/Object/values,Object.values() - JavaScript | MDN
https://developer.mozilla.org/en-US/docs/Mozilla/MFBT,Mozilla Framework Based on Templates (MFBT) - Mozilla | MDN
https://blog.mozilla.org/futurereleases/2013/09/24/plugin-activation-in-firefox/,Plugin Activation in Firefox | Future Releases
https://developer.mozilla.org/en-US/docs/Mozilla/MathML_Project,Mozilla MathML Project - Mozilla | MDN
https://mixpanel.com/help/reference/jql/tutorials/funnel-dropoffs,JQL Reference - Mixpanel | Mobile Analytics
https://developer.mozilla.org/en-US/docs/Glossary/percent-encoding,Percent-encoding - Glossary | MDN
https://developer.mozilla.org/en-US/docs/Glossary/percent-encoding$history,Revision History | Percent-encoding | MDN
https://dev.twitter.com/,Twitter Developers
https://dev.twitter.com/solutions/best-apps,Build Great Apps | Twitter Developers
https://developer.mozilla.org/en-US/docs/Glossary/percent-encoding$compare?from=1089605&to=1089611,Compare Revisions | Percent-encoding | MDN
https://developer.mozilla.org/en-US/docs/Web/HTTP/Headers/Content-Type$history,Revision History | Content-Type | MDN
https://developer.mozilla.org/en-US/users/signin?next=/en-US/docs/Glossary/percent-encoding%24edit,Mozilla Developer Network
https://www.switchup.org/,Coding Bootcamp Reviews
https://dev.twitter.com/solutions/tell-great-stories,Tell Great Stories | Twitter Developers
https://www.mozilla.org/en-US/about/,Get to know Mozilla — Mozilla
https://developer.mozilla.org/en-US/docs/tag/MathML%20Project,Articles tagged: MathML Project | MDN
https://developer.mozilla.org/en-US/docs/Mozilla/MathML_Project/Updates,Updates - Mozilla | MDN
https://twitter.com/i/moments/650667182356082688,The Obamas' wedding anniversary
https://hackbrightacademy.com/,Hackbright Academy | Software Engineering School for Women
https://developer.mozilla.org/en-US/docs/tag/MathML,Articles tagged: MathML | MDN
https://developer.mozilla.org/en-US/docs/Mozilla/MathML_Project/Updates/The_First_International_MathML_Conference_(October_2000),The First International MathML Conference (October 2000) - Mozilla | MDN
https://developer.mozilla.org/en-US/docs/Web/MathML/Authoring,Authoring MathML - MathML | MDN
https://developer.mozilla.org/en-US/docs/Mozilla/MathML_Project/Updates/Status_Report_(September_1999),Status Report (September 1999) - Mozilla | MDN
https://developer.mozilla.org/en-US/docs/Web/MathML/Examples/MathML_Pythagorean_Theorem,Proving the Pythagorean theorem - MathML | MDN
https://addons.mozilla.org/en-US/firefox/addon/click-to-play-per-element/,Click to Play per-element :: Add-ons for Firefox
https://developer.mozilla.org/en-US/docs/Web/MathML/Index,MathML documentation index - MathML | MDN
https://nightly.mozilla.org/,Firefox Nightly Builds
https://lists.mozilla.org/listinfo/dev-tech-mathml,dev-tech-mathml Info Page
http://www.mozillazine.org/talkback.html?article=560,"
Mozilla MathML Project Underway - MozillaZine Talkback
  "
https://developer.mozilla.org/en-US/profiles/bfontecc,bfontecc | MDN
http://www-archive.mozilla.org/xpfe/xptoolkit/boxes.html,The Box System
http://www.ams.org/home/page,American Mathematical Society :: Homepage
https://www.switchup.org/bootcamps/coding-dojo,
https://developer.mozilla.org/en-US/docs/Web/MathML/Examples/MathML_Pythagorean_Theorem$compare?from=384839&to=399219,Compare Revisions | Proving the Pythagorean theorem | MDN
https://addons.mozilla.org/en-US/firefox/themes/sports,"      Sports Themes :: Add-ons for Firefox
  "
https://developer.mozilla.org/en-US/dashboards/revisions?user=bfontecc,Revision Dashboard | MDN
https://lists.mozilla.org/admin/dev-tech-mathml,dev-tech-mathml Administrator Authentication
https://techcrunch.com/2014/08/18/switch-is-tripadvisor-for-switching-careers/,Switch Is TripAdvisor For Finding A Tech Bootcamp  |  TechCrunch
https://lists.mozilla.org/listinfo,lists.mozilla.org Mailing Lists
http://webdemo.myscript.com/,MyScript Webdemo
http://www.ams.org/rss/mathmoments.xml,"Mathematical Moments from the American Mathematical Society,Dis-playing the Game of Thrones: Part 2,Dis-playing the Game of Thrones: Part 1,Thwarting Poachers: Part 2,Thwarting Poachers: Part 1,Working With the System: Part 2,Working With the System: Part 1,Scanning Ancient Sites,Piling On and on and on,Adding a New Wrinkle Description,Holding the Lead Description,Going Over the Top - Designing roller coasters,Treating Tremors - Helping with Parkinson's disease - Part 1,Treating Tremors - Helping with Parkinson's disease - Part 2,Going Back to the Beginning - The Big Bang,Providing Power,Exploiting a Little-Known Force: Part 1,Exploiting a Little-Known Force: Part 2,Being Knotty: Part 1,Being Knotty: Part 2,Scheduling Sports,Unifying Diverse Cities: Part 1,Unifying Diverse Cities: Part 2,Making an Attitude Adjustment: Part 1,Making an Attitude Adjustment: Part 2,Getting Inside Your Head - The brain's communication pathways: Part 1,Getting Inside Your Head - The brain's communication pathways: Part 2,Thinking Outside the Box Score - Math and basketball: Part 1,Thinking Outside the Box Score - Math and basketball: Part 2,Working Up a Lather : Part 1,Working Up a Lather : Part 2,Working Up a Lather : Part 3,Working Up a Lather : Part 4,Freeing Up Architecture: Part 1,Freeing Up Architecture: Part 2,Finding Friends: Part 1,Finding Friends: Part 2,Catching and Releasing: Part 1,Catching and Releasing: Part 2,Describing the Oceans,Putting the auto in automobile,Forecasting Crime Part 1,Forecasting Crime Part 2,Being on the Cutting Edge,Getting a Handle on Obesity,Keeping Things in Focus - Part 1,Keeping Things in Focus - Part 2,Harnessing Wind Power - Part 1,Harnessing Wind Power - Part 2,Keeping the beat - Part 1,Keeping the beat - Part 2,Sustaining the Supply Chain - Part 1,Sustaining the Supply Chain - Part 2,Answering the Question, and Vice Versa,Sounding the Alarm - Part 1,Sounding the Alarm - Part 2,Putting Another Cork in It - Part 1,Putting Another Cork in It - Part 2,Assigning Seats - Part 1,Assigning Seats - Part 2,Knowing Rogues - Part 1,Knowing Rogues - Part 2,Creating Something out of (Next to) Nothing,Getting at the Truth - Part 1,Getting at the Truth - Part 2,Resisting the Spread of Disease - Part 1,Resisting the Spread of Disease - Part 2,Predicting Climate - Part 1,Predicting Climate - Part 2,Matching Vital Needs - Increasing the number of live-donor kidney transplants,Pulling Out (from) All the Stops - Visiting all of NY's subway stops in record time,Working It Out. Math solves a mystery about the opening of ""A Hard Day's Night."",Getting It Together,Restoring Genius - Discovering lost works of Archimedes - Part 1,Restoring Genius - Discovering lost works of Archimedes - Part 2,Improving Stents - Part 1,Improving Stents - Part 2,Steering Towards Efficiency,Hearing a Master.s Voice,Going with the Floes - Part 1,Going with the Floes - Part 2,Going with the Floes - Part 3,Going with the Floes - Part 4,Bending It Like Bernoulli,Tripping the Light-Fantastic,Unearthing Power Lines,Making Votes Count,Folding for Fun and Function,Finding Fake Photos,Putting Music on the Map,Pinpointing Style,Predicting Storm Surge,Targeting Tumors,Making Movies Come Alive"
https://en.wikipedia.org/wiki/American_Mathematical_Society,"American Mathematical Society - Wikipedia, the free encyclopedia"
https://www.switchup.org/questions/how-did-you-prepare-for-coding-dojo,How did you prepare for Coding Dojo?
https://www.youtube.com/c/amsorg,"  American Mathematical Society
 - YouTube"
https://developer.mozilla.org/en-US/docs/tag/Beginner,Articles tagged: Beginner | MDN
https://addons.mozilla.org/en-US/firefox/addon/flag-of-iran-2/,Flag of Iran 2 :: Add-ons for Firefox
https://developer.mozilla.org/en-US/Add-ons/Themes/Background,Background Themes - Mozilla | MDN
https://techcrunch.com/2016/07/26/israeli-technology-and-the-future-of-transportation/?ncid=mobilenavtrend,Israeli technology and the future of transportation  |  TechCrunch
https://techcrunch.com/video/reviews/,Reviews - TechCrunch staff reviews of the latest tech products and services. | TechCrunch
https://addons.mozilla.org/en-US/firefox/users/login?to=/en-US/developers/theme/submit,User Login :: Add-ons for Firefox
https://support.microsoft.com/en-us/products/windows,
https://techcrunch.com/2016/07/27/new-redmi-pro-gives-xiaomis-budget-smartphone-line-a-touch-of-class/?ncid=mobilenavtrend,New Redmi Pro gives Xiaomi’s budget smartphone line a touch of class  |  TechCrunch
https://techcrunch.com/2016/07/27/mercedes-benz-shows-off-the-first-fully-electric-heavy-urban-transport-truck/?ncid=mobilenavtrend,Mercedes-Benz shows off the first fully electric heavy urban transport truck  |  TechCrunch
https://addons.mozilla.org/en-US/firefox/themes/?sort=up-and-coming,"      Up & Coming Themes :: Add-ons for Firefox
  "
https://developer.mozilla.org/en-US/docs/Glossary/I18N,I18N - Glossary | MDN
https://developer.mozilla.org/en-US/docs/Glossary/HTTP,HTTP - Glossary | MDN
https://lists.mozilla.org/listinfo/community-esperanto,community-esperanto Info Page
https://lists.mozilla.org/listinfo/community-dutch,community-dutch Info Page
https://lists.mozilla.org/listinfo/dev-bluetooth,dev-bluetooth Info Page
https://lists.mozilla.org/listinfo/community-sweden,community-sweden Infosida
https://lists.mozilla.org/listinfo/dev-builds,dev-builds Info Page
https://developer.mozilla.org/en-US/Add-ons/WebExtensions/manifest.json/manifest_version,manifest_version - Mozilla | MDN
https://developer.mozilla.org/en-US/Learn/CSS/CSS_layout/Floats,Floats - Learning web development | MDN
https://developer.mozilla.org/en-US/Learn/CSS/CSS_layout/Positioning,Positioning - Learning web development | MDN
https://developer.mozilla.org/en-US/Learn/CSS/CSS_layout/Practical_positioning_examples,Practical positioning examples - Learning web development | MDN
https://www.switchup.org/questions/what-kind-of-equipment-should-i-bring-to-my-first-day-of-class-for-launch-academy,What kind of equipment should I bring to my first day of class for Launch Academy?
https://www.switchup.org/questions/online-python-bootcamp,Online Python bootcamp
https://developer.mozilla.org/en-US/docs/tag/Infrastructure,Articles tagged: Infrastructure | MDN
https://creativecommons.org/licenses/,About The Licenses - Creative Commons
https://developer.mozilla.org/en-US/docs/tag/Internationalization,Articles tagged: Internationalization | MDN
https://techcrunch.com/video/samsung-galaxy-7-7-edge-review/519559302/,Samsung Galaxy S7 & S7 Edge - Reviews | TechCrunch TV
https://developer.mozilla.org/en-US/Add-ons/WebExtensions/manifest.json/manifest_version$history,Revision History | manifest_version | MDN
https://lists.mozilla.org/admin/community-esperanto,community-esperanto Administrator Authentication
https://developer.mozilla.org/en-US/Learn/CSS/Introduction_to_CSS,Introduction to CSS - Learning web development | MDN
https://developer.mozilla.org/en-US/users/signin?next=/en-US/Add-ons/WebExtensions/manifest.json/manifest_version%24edit,Mozilla Developer Network
https://lists.mozilla.org/admin/dev-builds,dev-builds Administrator Authentication
https://developer.mozilla.org/en-US/docs/Web/HTML/Element/body,<body> - HTML | MDN
https://developer.mozilla.org/en-US/Learn/CSS/Introduction_to_CSS/Box_model,The box model - Learning web development | MDN
https://developer.mozilla.org/en-US/docs/Glossary/Web_standards,Web standards - Glossary | MDN
https://developer.mozilla.org/en-US/users/signin?next=/en-US/Add-ons/WebExtensions/manifest.json/manifest_version%24locales,Mozilla Developer Network
https://creativecommons.org/website-icons/,Website Icons - Creative Commons
https://developer.mozilla.org/en-US/Add-ons/WebExtensions/manifest.json/manifest_version$history?page=1,Revision History | manifest_version | MDN
https://lists.mozilla.org/admin/community-sweden,community-sweden Administratör Inloggning
https://developer.mozilla.org/en-US/Add-ons/WebExtensions/manifest.json/manifest_version$history?page=2,Revision History | manifest_version | MDN
https://developer.mozilla.org/en-US/Learn/Getting_started_with_the_web/How_the_Web_works,How the Web works - Learning web development | MDN
https://www.switchup.org/questions/are-there-coding-bootcamps-where-i-can-use-a-title-iv-grant,Are there coding bootcamps where I can use a Title IV grant?
https://developer.mozilla.org/en-US/docs/tag/units,Articles tagged: units | MDN
https://developer.mozilla.org/en-US/docs/tag/properties,Articles tagged: properties | MDN
https://developer.mozilla.org/en-US/docs/tag/rules,Articles tagged: rules | MDN
https://developer.mozilla.org/en-US/Add-ons/WebExtensions/manifest.json/manifest_version$revision/911657,Revision 911657 | manifest_version | MDN
https://developer.mozilla.org/en-US/docs/Writing_textual_data,Writing textual data | MDN
https://developer.mozilla.org/en-US/docs/tag/Selectors,Articles tagged: Selectors | MDN
https://developer.mozilla.org/en-US/docs/tag/Web%20Standards,Articles tagged: Web Standards | MDN
https://developer.mozilla.org/en-US/docs/tag/Content,Articles tagged: Content | MDN
https://developer.mozilla.org/en-US/docs/tag/TCP,Articles tagged: TCP | MDN
https://developer.mozilla.org/en-US/docs/Web/CSS/border-top-style,border-top-style - CSS | MDN
https://developer.mozilla.org/en-US/docs/Web/CSS/Universal_selectors,Universal selectors - CSS | MDN
https://developer.mozilla.org/en-US/docs/Web/Guide/HTML/HTML5/Constraint_validation,Constraint validation - Web developer guides | MDN
https://developer.mozilla.org/en-US/docs/Web/CSS/Type_selectors,Type selectors - CSS | MDN
https://developer.mozilla.org/en-US/docs/tag/Unicode,Articles tagged: Unicode | MDN
https://developer.mozilla.org/en-US/docs/Web/CSS/Pseudo-elements,Pseudo-elements - CSS | MDN
https://groups.google.com/forum/?_escaped_fragment_=forum%2Fmozilla.community.esperanto,mozilla.community.esperanto - Google Groups
https://developer.mozilla.org/en-US/docs/Web/CSS/computed_value,Computed value - CSS | MDN
https://www.switchup.org/questions/what-is-the-average-cost-of-a-boot-camp,what is the average cost of a boot camp?  
https://developer.mozilla.org/en-US/docs/tag/Landing,Articles tagged: Landing | MDN
https://developer.mozilla.org/en-US/docs/Web/CSS/border-top-right-radius,border-top-right-radius - CSS | MDN
https://groups.google.com/forum/?_escaped_fragment_=forum%2Fmozilla.dev.builds,mozilla.dev.builds - Google Groups
https://developer.mozilla.org/en-US/docs/Web/CSS/border-top-left-radius,border-top-left-radius - CSS | MDN
https://developer.mozilla.org/en-US/docs/Web/CSS/border-left-width,border-left-width - CSS | MDN
https://developer.mozilla.org/en-US/docs/Web/CSS/border-right-color,border-right-color - CSS | MDN
https://developer.mozilla.org/en-US/docs/Web/CSS/border-right-width,border-right-width - CSS | MDN
https://developer.mozilla.org/en-US/profiles/abulte,abulte | MDN
https://developer.mozilla.org/en-US/profiles/wyrewolwerowany,wyrewolwerowany | MDN
https://developer.mozilla.org/en-US/profiles/caurea,caurea | MDN
https://developer.mozilla.org/en-US/profiles/ErwinWessels,ErwinWessels | MDN
https://developer.mozilla.org/en-US/profiles/frankyan,frankyan | MDN
https://developer.mozilla.org/en-US/docs/Web/CSS/Pseudo-elements$history,Revision History | Pseudo-elements | MDN
https://developer.mozilla.org/zh-CN/docs/Web/CSS/Pseudo-elements,伪元素 - CSS | MDN
https://developer.mozilla.org/ru/docs/Web/CSS/Pseudo-elements,Псевдоэлементы - CSS | MDN
https://developer.mozilla.org/en-US/docs/tag/CSS%20R%C3%A9f%C3%A9rence,Articles tagged: CSS Référence | MDN
https://developer.mozilla.org/fr/docs/Web/CSS/Valeur_calcul%C3%A9e,Valeur calculée - CSS | MDN
https://developer.mozilla.org/en-US/docs/Web/CSS/::grammar-error,::grammar-error - CSS | MDN
link,title
https://www.mozilla.org/en-GB/firefox/new/,Download Firefox — Free Web Browser — Mozilla
http://www.makersacademy.com/privacy/,Makers Academy - Learn to code in 12 weeks
http://www.makersacademy.com/code-of-conduct/,Makers Academy - Learn to code in 12 weeks
http://www.makersacademy.com/terms/,Makers Academy - Learn to code in 12 weeks
http://www.makersacademy.com/remote-terms/,Makers Academy - Learn to code in 12 weeks
http://blog.makersacademy.com/,Makers Academy Blog
http://www.makersacademy.com/payment/,Makers Academy - Learn to code in 12 weeks
https://www.mozilla.org/en-US/firefox/ios/4.0/releasenotes/,Firefox for iOS — Notes (4.0) — Mozilla
https://www.mozilla.org/en-US/firefox/android/47.0/releasenotes/,Firefox for Android — Notes (47.0) — Mozilla
https://www.gov.uk/career-development-loans/overview,Professional and Career Development Loans - GOV.UK
http://blog.makersacademy.com/page/2/,Makers Academy Blog - Page 2
https://www.youtube.com/user/makersacademy,"  makersacademy
 - YouTube"
https://www.mozilla.org/en-US/,We’re building a better Internet — Mozilla
http://blog.makersacademy.com/the-thoughtworks-scholarship-6-free-spaces-for-women/,The ThoughtWorks Scholarship: 6 free spaces for Women!
https://www.edaid.com/university/makers-academy/apply,EdAid  - Crowdfunding for Education. Interest Free.
http://blog.makersacademy.com/ronin-is-dead-long-live-makers-academy-remote/,Ronin is dead. Long live Makers Academy Remote!
https://www.mozilla.org/en-US/about/legal/fraud-report/,Violating Website Report — Mozilla
https://makersacademy.futurefinance.com/,Private Student Loans in the UK | Future Finance
https://www.mozilla.org/en-US/firefox/47.0.1/releasenotes/,Firefox — Notes (47.0.1) — Mozilla
https://www.mozilla.org/en-US/contact/spaces/,"Contacts, Spaces and Communities — Spaces — Mozilla"
http://blog.makersacademy.com/page/3/,Makers Academy Blog - Page 3
http://www.nationalarchives.gov.uk/information-management/re-using-public-sector-information/copyright-and-re-use/crown-copyright/,Crown copyright - The National Archives
https://twitter.com/makersacademy,Makers Academy (@makersacademy) | Twitter
https://www.mozilla.org/en-US/foundation/trademarks/,Mozilla Foundation Trademark Policy
https://mixpanel.com/?from=partner,Mixpanel | Mobile Analytics
https://www.mozilla.org/en-US/foundation/trademarks/faq/,Mozilla Trademark Policy FAQ
https://www.mozilla.org/en-US/styleguide/,Mozilla Style Guide — Mozilla
https://www.edaid.com/lendersriskstatement,EdAid Lender's Risk Statement
http://blog.makersacademy.com/page/4/,Makers Academy Blog - Page 4
https://www.mozilla.org/en-US/contact/communities/albania/,"Contacts, Spaces and Communities — Albania — Mozilla"
https://www.youtube.com/firefox,"  Firefox
 - YouTube"
https://twitter.com/firefox,Firefox (@firefox) | Twitter
https://twitter.com/mozilla,Mozilla (@mozilla) | Twitter
https://www.mozilla.org/en-US/contact/communities/venezuela/,"Contacts, Spaces and Communities — Venezuela — Mozilla"
https://www.mozilla.org/en-US/contact/communities/uruguay/,"Contacts, Spaces and Communities — Uruguay — Mozilla"
https://www.youtube.com/,YouTube
https://twitter.com/,Twitter
https://www.switchup.org/bootcamps/makers-academy,Makers Academy Reviews
https://twitter.com/MozillaAlbania,Mozilla Albania (@MozillaAlbania) | Twitter
https://www.coursereport.com/schools/makers-academy,Makers Academy Reviews | Course Report
http://www.openstreetmap.org/copyright,OpenStreetMap
https://accounts.google.com/ServiceLogin?continue=https%3A%2F%2Fwww.youtube.com%2Fsignin%3Ffeature%3Dplaylist%26hl%3Den%26action_handle_signin%3Dtrue%26next%3D%252F%26app%3Ddesktop&hl=en&passive=true&service=youtube&uilel=3,YouTube
https://support.twitter.com/articles/20174632,Twitter’s global operations and data transfer | Twitter Help Center
https://twitter.com/MozillaAlbania/status/671338447215468544,"Mozilla Albania on Twitter: ""I posted a new photo to Facebook https://t.co/n4OggfcOO0"""
https://twitter.com/MozillaAlbania/status/671338454027001856,"Mozilla Albania on Twitter: ""I posted a new photo to Facebook https://t.co/dh7Q7qa75A"""
https://www.youtube.com/watch?v=qQIsdod0LWo,Jennifer Lopez Carpool Karaoke - YouTube
https://twitter.com/MozillaAlbania/status/671338440164810752,"Mozilla Albania on Twitter: ""I posted a new photo to Facebook https://t.co/fY8lMSUfdB"""
https://www.olark.com/site/3389-415-10-8365/contact,"
Olark | Site Contact
"
http://www.openstreetmap.org/,OpenStreetMap
https://accounts.google.com/SignUpWithoutGmail?continue=https%3A%2F%2Fwww.youtube.com%2Fsignin%3Ffeature%3Dplaylist%26hl%3Den%26action_handle_signin%3Dtrue%26next%3D%252F%26app%3Ddesktop&hl=en&service=youtube,"
  Create your Google Account
  "
http://www.openstreetmap.org/directions,OpenStreetMap
https://twitter.com/MozillaAlbania/status/671338454027001856?lang=zh-tw,"Mozilla Albania 在 Twitter：""I posted a new photo to Facebook https://t.co/dh7Q7qa75A"""
https://twitter.com/MozillaAlbania/status/671338454027001856?lang=ja,"Mozilla Albaniaさんのツイート: ""I posted a new photo to Facebook https://t.co/dh7Q7qa75A"""
https://twitter.com/MozillaAlbania/status/671338454027001856?lang=zh-cn,Mozilla Albania 的 Twitter: “I posted a new photo to Facebook https://t.co/dh7Q7qa75A”
http://2016.stateofthemap.org/,State of the Map 2016
http://wiki.osmfoundation.org/wiki/Licensing_Working_Group,Licensing Working Group - OpenStreetMap Foundation Wiki
https://twitter.com/MozillaAlbania/status/671338460792406018,"Mozilla Albania on Twitter: ""I posted a new photo to Facebook https://t.co/ZOYP2Rdb45"""
https://www.olark.com/?welcome=,"Olark live chat: live help, live support and live sales"
https://twitter.com/MozillaAlbania/status/671338474818154496,"Mozilla Albania on Twitter: ""I posted a new photo to Facebook https://t.co/c9abgcByPj"""
https://support.twitter.com/groups/31-twitter-basics/topics/111-features/articles/119135-about-verified-accounts,About verified accounts | Twitter Help Center
https://support.twitter.com/articles/20170514,Twitter’s use of cookies and similar technologies | Twitter Help Center
https://twitter.com/MozillaAlbania/status/671338467788500993,"Mozilla Albania on Twitter: ""I posted a new photo to Facebook https://t.co/drlcY7EofG"""
https://twitter.com/MozillaAlbania/status/671338440164810752?lang=zh-tw,"Mozilla Albania 在 Twitter：""I posted a new photo to Facebook https://t.co/fY8lMSUfdB"""
https://accounts.google.com/ServiceLogin?continue=https%3A%2F%2Fwww.youtube.com%2Fsignin%3Ffeature%3Dplaylist%26hl%3Den%26action_handle_signin%3Dtrue%26next%3D%252F%26app%3Ddesktop&dsh=-3546044165857376456&service=youtube,YouTube
https://twitter.com/MozillaAlbania/status/671338440164810752?lang=zh-cn,Mozilla Albania 的 Twitter: “I posted a new photo to Facebook https://t.co/fY8lMSUfdB”
https://twitter.com/MozillaAlbania/status/671338440164810752?lang=ja,"Mozilla Albaniaさんのツイート: ""I posted a new photo to Facebook https://t.co/fY8lMSUfdB"""
https://www.switchup.org/,Coding Bootcamp Reviews
https://twitter.com/MozillaAlbania/status/671338454027001856?lang=en,"Mozilla Albania on Twitter: ""I posted a new photo to Facebook https://t.co/dh7Q7qa75A"""
https://twitter.com/MozillaAlbania/status/671338440164810752?lang=th,"Mozilla Albania บนทวิตเตอร์: ""I posted a new photo to Facebook https://t.co/fY8lMSUfdB"""
https://www.olark.com/help,Olark Help
https://twitter.com/MozillaAlbania/status/671338440164810752?lang=ko,"트위터의 Mozilla Albania 님: ""I posted a new photo to Facebook https://t.co/fY8lMSUfdB"""
https://twitter.com/MozillaAlbania/status/671338440164810752?lang=kn,"Mozilla Albania Twitter ನಲ್ಲಿ: ""I posted a new photo to Facebook https://t.co/fY8lMSUfdB"""
https://www.olark.com/about,Hi - We're Olark Live Chat
https://support.google.com/accounts?hl=en,Accounts Help
https://accounts.google.com/SignUp?continue=https%3A%2F%2Fwww.youtube.com%2Fsignin%3Ffeature%3Dplaylist%26hl%3Den%26action_handle_signin%3Dtrue%26next%3D%252F%26app%3Ddesktop&dsh=-3546044165857376456&service=youtube,"
  Create your Google Account
  "
https://twitter.com/MozillaAlbania/status/671338433621700608,"Mozilla Albania on Twitter: ""I posted a new photo to Facebook https://t.co/M2ddkvSMnE"""
https://support.twitter.com/articles/20170442,About Twitter Ads approval | Twitter Help Center
https://support.twitter.com/articles/20171365,Policies for Conversion Tracking and Tailored Audiences | Twitter Help Center
https://support.google.com/accounts/answer/1733224?hl=en,Why Google asks for your information at sign-up - Accounts Help
https://support.google.com/accounts/answer/32040?hl=en,Creating a strong password - Accounts Help
https://support.google.com/accounts/troubleshooter/2402620?hl=en&ref_topic=3382297,Problems signing in to your account - Accounts Help
https://twitter.com/MozillaAlbania/status/671338440164810752?lang=ta,"Twitter -இல் Mozilla Albania: ""I posted a new photo to Facebook https://t.co/fY8lMSUfdB"""
https://support.twitter.com/articles/20171232,URL requirements for advertising | Twitter Help Center
https://twitter.com/MozillaAlbania/status/671338433621700608?lang=zh-tw,"Mozilla Albania 在 Twitter：""I posted a new photo to Facebook https://t.co/M2ddkvSMnE"""
https://twitter.com/MozillaAlbania/status/671338426625622016,"Mozilla Albania Twitter ನಲ್ಲಿ: ""I posted a new photo to Facebook https://t.co/EYwykUUsvP"""
https://twitter.com/login?redirect_after_login=https%3A%2F%2Fsupport.twitter.com%2Farticles%2F20170442,Twitter ನಲ್ಲಿ ಲಾಗಿನ್ ಮಾಡಿ
https://www.olark.com/contact,Olark | Beautiful live chat software pricing for sales and support
https://twitter.com/MozillaAlbania/status/671338433621700608?lang=zh-cn,Mozilla Albania 的 Twitter: “I posted a new photo to Facebook https://t.co/M2ddkvSMnE”
https://twitter.com/login?redirect_after_login=https%3A%2F%2Fsupport.twitter.com%2Farticles%2F20171365,Twitter -இல் உள்நுழையவும்
https://accounts.google.com/SignUpWithoutGmail?continue=https%3A%2F%2Fwww.youtube.com%2Fsignin%3Ffeature%3Dplaylist%26hl%3Den%26action_handle_signin%3Dtrue%26next%3D%252F%26app%3Ddesktop&dsh=-3546044165857376456&service=youtube,"
  Create your Google Account
  "
https://twitter.com/MozillaAlbania/status/671338433621700608?lang=ja,"Mozilla Albaniaさんのツイート: ""I posted a new photo to Facebook https://t.co/M2ddkvSMnE"""
https://support.google.com/answer/23852?hl=en&rd=3,Enable JavaScript - Google Help
https://support.twitter.com/articles/20170443,About Twitter Ads offboarding | Twitter Help Center
https://twitter.com/MozillaAlbania/status/671338433621700608?lang=ko,"트위터의 Mozilla Albania 님: ""I posted a new photo to Facebook https://t.co/M2ddkvSMnE"""
https://support.twitter.com/articles/20170423,Unauthorized ticket sales | Twitter Help Center
https://blog.olark.com/,"Olark Live Chat Blog | Conversions, Sales and Customer Service through Live Chat"
https://accounts.google.com/ServiceLogin?continue=https%3A%2F%2Fsupport.google.com%2Faccounts%2Ftroubleshooter%2F2402620%3Fhl%3Den%26ref_topic%3D3382297&hl=en&passive=true,Sign in - Google Accounts
https://support.google.com/accounts/answer/32040,Creating a strong password - Accounts Help
https://support.google.com/accounts/?hl=en,Accounts Help
https://support.google.com/accounts/answer/46526?hl=en&ref_topic=3160993,Keep your account secure - Accounts Help
https://twitter.com/login?redirect_after_login=https%3A%2F%2Fsupport.twitter.com%2Farticles%2F20171232,Twitterにログイン
https://twitter.com/MozillaAlbania/status/671338426625622016?lang=fa,"Mozilla Albania در توییتر ""I posted a new photo to Facebook https://t.co/EYwykUUsvP"""
https://twitter.com/MozillaAlbania/status/671338426625622016?lang=ko,"트위터의 Mozilla Albania 님: ""I posted a new photo to Facebook https://t.co/EYwykUUsvP"""
https://twitter.com/MozillaAlbania/status/671338426625622016?lang=zh-cn,Mozilla Albania 的 Twitter: “I posted a new photo to Facebook https://t.co/EYwykUUsvP”
https://twitter.com/MozillaAlbania/status/671338426625622016?lang=th,"Mozilla Albania บนทวิตเตอร์: ""I posted a new photo to Facebook https://t.co/EYwykUUsvP"""
https://twitter.com/MozillaAlbania/status/671338426625622016?lang=zh-tw,"Mozilla Albania 在 Twitter：""I posted a new photo to Facebook https://t.co/EYwykUUsvP"""
https://support.twitter.com/articles/20170422,Weapons and weapon accessories | Twitter Help Center
https://twitter.com/MozillaAlbania/status/671338426625622016?lang=ja,"Mozilla Albaniaさんのツイート: ""I posted a new photo to Facebook https://t.co/EYwykUUsvP"""
https://twitter.com/MozillaAlbania/status/671338419235266560,"트위터의 Mozilla Albania 님: ""I posted a new photo to Facebook https://t.co/chxoF8qv6V"""
https://accounts.google.com/ServiceLogin?continue=https%3A%2F%2Fsupport.google.com%2Fanswer%2F23852%3Fhl%3Den%26rd%3D3&hl=en&passive=true,Sign in - Google Accounts
https://twitter.com/account/complete,트위터 / 모바일 계정 완료하기
https://twitter.com/login?lang=th,เข้าสู่ระบบทวิตเตอร์
https://twitter.com/login?lang=zh-tw,在 Twitter 上登入
https://twitter.com/login?lang=zh-cn,登录Twitter
https://twitter.com/login?lang=kn,Twitter ನಲ್ಲಿ ಲಾಗಿನ್ ಮಾಡಿ
https://twitter.com/login?lang=ja,Twitterにログイン
https://twitter.com/login?lang=ko,트위터에 로그인
https://accounts.google.com/ServiceLogin?continue=https%3A%2F%2Fsupport.google.com%2Faccounts%2Fanswer%2F32040&hl=en&passive=true,Sign in - Google Accounts
https://accounts.google.com/ServiceLogin?continue=https%3A%2F%2Fsupport.google.com%2Faccounts%2Ftroubleshooter%2F2402620%3Fhl%3Den%26ref_topic%3D3382297&sacu=1&rip=1,Sign in - Google Accounts
https://support.twitter.com/articles/15790,About suspended accounts | Twitter Help Center
https://twitter.com/login?redirect_after_login=https%3A%2F%2Fsupport.twitter.com%2Farticles%2F20170422,트위터에 로그인
https://accounts.google.com/SignUp?continue=https%3A%2F%2Fsupport.google.com%2Faccounts%2Ftroubleshooter%2F2402620%3Fhl%3Den%26ref_topic%3D3382297&hl=en,"
  Create your Google Account
  "
https://twitter.com/MozillaAlbania/status/671338426625622016?lang=kn,"Mozilla Albania Twitter ನಲ್ಲಿ: ""I posted a new photo to Facebook https://t.co/EYwykUUsvP"""
https://accounts.google.com/signin/recovery?continue=https%3A%2F%2Fsupport.google.com%2Faccounts%2Ftroubleshooter%2F2402620%3Fhl%3Den%26ref_topic%3D3382297&hl=en&ignoreShadow=0,Google Accounts
https://twitter.com/MozillaAlbania/status/671338419235266560?lang=pt,"Mozilla Albania no Twitter: ""I posted a new photo to Facebook https://t.co/chxoF8qv6V"" ."
https://twitter.com/MozillaAlbania/status/671338419235266560?lang=pl,"Mozilla Albania na Twitterze: ""I posted a new photo to Facebook https://t.co/chxoF8qv6V"" "
https://twitter.com/MozillaAlbania/status/671338419235266560?lang=ro,"Mozilla Albania pe Twitter: ""I posted a new photo to Facebook https://t.co/chxoF8qv6V"""
https://accounts.google.com/ServiceLogin?continue=https%3A%2F%2Fsupport.google.com%2Faccounts%2F%3Fhl%3Den&hl=en&passive=true,Sign in - Google Accounts
https://accounts.google.com/ServiceLogin?continue=https%3A%2F%2Fsupport.google.com%2Faccounts%2Ftroubleshooter%2F2402620%3Fhl%3Den%26ref_topic%3D3382297&dsh=-1929939171892012304,Sign in - Google Accounts
https://business.twitter.com/en/help/campaign-setup/campaign-targeting/tailored-audiences.html,Tailored Audiences
https://twitter.com/MozillaAlbania/status/671338411370913792,"Mozilla Albania Twitter ನಲ್ಲಿ: ""I posted a new photo to Facebook https://t.co/1TvkrB16mp"""
https://accounts.google.com/SignUp?continue=https%3A%2F%2Fsupport.google.com%2Faccounts%2Ftroubleshooter%2F2402620%3Fhl%3Den%26ref_topic%3D3382297,"
  Create your Google Account
  "
https://support.twitter.com/articles/20171312,I’m seeing a message that my account is locked | Twitter Help Center
https://support.twitter.com/articles/20169739,I'm having trouble deactivating my account | Twitter Help Center
https://accounts.google.com/signin/recovery?continue=https%3A%2F%2Fsupport.google.com%2Faccounts%2F%3Fhl%3Den&hl=en&ignoreShadow=0,Google Accounts
https://support.twitter.com/articles/31796,My account has been compromised | Twitter Help Center
https://support.twitter.com/articles/107907,I no longer have access to my account's email address | Twitter Help Center
https://support.google.com/accounts/troubleshooter/2402620?p=ar_other_problems&rd=1,Problems signing in to your account - Accounts Help
https://support.twitter.com/articles/16807,I'm having trouble reactivating my account | Twitter Help Center
https://news.google.com/nwshp?ei=NdOYV8jACMSvaf_zpYgL&hl=en&ved=0EKkuCAUoBQ,Google News
https://accounts.google.com/SignUpWithoutGmail?continue=https%3A%2F%2Fsupport.google.com%2Faccounts%2Ftroubleshooter%2F2402620%3Fhl%3Den%26ref_topic%3D3382297&dsh=-1929939171892012304,"
  Create your Google Account
  "
https://ads.twitter.com/login,"    Sign in
"
https://support.twitter.com/articles/14608,Common username issues | Twitter Help Center
https://accounts.google.com/ServiceLogin?continue=https%3A%2F%2Fsupport.google.com%2Faccounts%2F%3Fhl%3Den&sacu=1&rip=1,Sign in - Google Accounts
https://twitter.com/MozillaAlbania/status/671338419235266560?lang=ko,"트위터의 Mozilla Albania 님: ""I posted a new photo to Facebook https://t.co/chxoF8qv6V"""
https://accounts.google.com/ServiceLogin?continue=https%3A%2F%2Fsupport.google.com%2Faccounts%2Ftroubleshooter%2F2402620%3Fhl%3Den%26ref_topic%3D3382297&dsh=4958034830654896975,Sign in - Google Accounts
https://support.twitter.com/articles/101299,Why can't I register certain usernames? | Twitter Help Center
https://accounts.google.com/SignUp?continue=https%3A%2F%2Fsupport.google.com%2Faccounts%2F%3Fhl%3Den&hl=en,"
  Create your Google Account
  "
https://support.twitter.com/articles/15348,"My email, phone number, or username is already in use | Twitter Help Center"
https://twitter.com/login?redirect_after_login=https%3A%2F%2Fsupport.twitter.com%2Farticles%2F20171312,트위터에 로그인
https://twitter.com/login?redirect_after_login=https%3A%2F%2Fsupport.twitter.com%2Farticles%2F20169739,트위터에 로그인
https://twitter.com/MozillaAlbania/status/671338411370913792?lang=zh-cn,Mozilla Albania 的 Twitter: “I posted a new photo to Facebook https://t.co/1TvkrB16mp”
https://twitter.com/MozillaAlbania/status/671338404873916416,"트위터의 Mozilla Albania 님: ""I posted a new photo to Facebook https://t.co/IdK0nOLRSr"""
https://twitter.com/login?redirect_after_login=https%3A%2F%2Fsupport.twitter.com%2Farticles%2F16807,트위터에 로그인
https://support.twitter.com/articles/110202,I received a confirmation email for an account that's not mine | Twitter Help Center
https://twitter.com/MozillaAlbania/status/671338411370913792?lang=zh-tw,"Mozilla Albania 在 Twitter：""I posted a new photo to Facebook https://t.co/1TvkrB16mp"""
https://twitter.com/MozillaAlbania/status/671338411370913792?lang=th,"Mozilla Albania บนทวิตเตอร์: ""I posted a new photo to Facebook https://t.co/1TvkrB16mp"""
https://twitter.com/MozillaAlbania/status/671338411370913792?lang=ja,"Mozilla Albaniaさんのツイート: ""I posted a new photo to Facebook https://t.co/1TvkrB16mp"""
https://twitter.com/MozillaAlbania/status/671338411370913792?lang=ko,"트위터의 Mozilla Albania 님: ""I posted a new photo to Facebook https://t.co/1TvkrB16mp"""
https://accounts.google.com/SignUpWithoutGmail?continue=https%3A%2F%2Fsupport.google.com%2Faccounts%2Ftroubleshooter%2F2402620%3Fhl%3Den%26ref_topic%3D3382297&dsh=4958034830654896975,"
  Create your Google Account
  "
https://support.twitter.com/articles/185703,My account has been hacked | Twitter Help Center
https://news.google.com/news/section?cf=all&ned=uk&pz=1&topic=ir,Spotlight
https://business.twitter.com/en/resources.html?partner_type%255B%255D=118,Resources and guides
http://www.dailymail.co.uk/news/article-3701002/It-s-going-long-hot-summer-Race-activist-s-warning-Hyde-Park-riots-police-leave-CANCELLED-Met-issues-photographs-four-suspected-ringleaders.html,Race activist’s warning after Hyde Park riots as police have all their leave CANCELLED | Daily Mail Online
https://news.google.com/news/section?cf=all&ned=uk&pz=1&topic=s,Sports
https://news.google.com/news/section?cf=all&ned=uk&pz=1&topic=snc,Science
https://news.google.com/news/section?cf=all&ned=uk&pz=1&topic=m,Health
https://news.google.com/news/section?cf=all&ned=uk&pz=1&topic=e,Entertainment
http://www.usnews.com/opinion/articles/2016-07-26/israel-looks-beyond-the-palestinian-conflict-and-its-ties-to-the-west,Israel Looks Beyond the Palestinian Conflict and Its Ties to the West | US News Opinion
https://business.twitter.com/es/resources.html,Recursos y guías
https://www.merkleinc.com/,Merkle - A Performance Marketing Agency
https://business.twitter.com/it/resources.html,Risorse e guide
https://business.twitter.com/id/resources.html,Sumber daya dan panduan
https://business.twitter.com/nl/resources.html,Hulpbronnen en handleidingen
http://www.dailymail.co.uk/news/article-3710306/Pregnant-Polish-woman-45-hacked-death-machete-refugee-Germany-love-her.html,Pregnant Polish woman hacked to death with a machete by refugee in Germany | Daily Mail Online
http://www.dailymail.co.uk/news/article-3709281/Cartoon-chiefs-make-grovelling-apology-Fireman-Sam-character-shown-STANDING-page-Koran.html,Cartoon chiefs apologise after Fireman Sam character is shown STANDING on page of the Koran | Daily Mail Online
https://business.twitter.com/ja/resources.html,参考資料とガイド
https://business.twitter.com/fr/resources.html,Ressources et guides
http://www.telegraph.co.uk/technology/2016/07/27/using-a-wireless-keyboard-your-passwords-can-easily-be-spied-on/,Using a wireless keyboard? Your passwords can easily be spied on 
https://business.twitter.com/de/resources.html,Ressourcen und Leitfäden
https://business.twitter.com/pt/resources.html,Recursos e guias
https://news.google.com/news?cf=all&hl=en&ned=uk&output=rss&pz=1&topic=s,"Sports - Google News,Sports - Google News,Transfer rumors: Latest on Pogba, Balotelli, Aubameyang and more - Sports Illustrated,Astana vs Celtic live score and goal updates from the Champions League qualifier in Kazakhstan - Mirror.co.uk,Revealed: the biggest threat to the future of the Olympic Games - The Guardian,Arsenal news: Ivan Gazidis claims the Gunners cannot afford to 'outgun' their Premier League rivals in transfer market - The Independent,Pep Guardiola launches scathing attack of ICC organisers over cancellation of Manchester City's clash with United - The Independent,Stoke City's Marko Arnautovic signs long-term deal to end Everton interest - The Guardian,Bournemouth sign Liverpool defender Brad Smith on four-year contract - The Guardian,FA Cup: Plans confirmed for fourth extra-time substitute trial - International Business Times UK,Barcelona sign Andre Gomes from Valencia and give Javier Mascherano new deal - BBC Sport"
https://business.twitter.com/nl/help/troubleshooting.html,Probleemoplossing en veelgestelde vragen
https://ads.twitter.com/login?ref=nl-btc-gobal-footer,"    ログイン
"
http://www.bbc.co.uk/sport/football/36851259,Sam Allardyce: Sheep testicles and toilet races - the England manager's early years - BBC Sport
https://business.twitter.com/nl/help/campaign-measurement-and-analytics.html,Campagnemeting en analyses
https://business.twitter.com/nl/help/account-setup.html,Accountinstelling
https://www.merkleinc.com/consumer-information-center,Consumer Information Center | Merkle
https://business.twitter.com/nl/help/campaign-editing-and-optimization.html,Campagnebewerking en optimalisatie
https://business.twitter.com/nl/help/campaign-setup.html,Campagneconfiguratie
https://business.twitter.com/de.html,Willkommen
https://ads.twitter.com/login?ref=pt-btc-gobal-footer,"    ログイン
"
http://www.espnfc.com/story/2918751/alexandre-pato-joins-villarreal-on-four-year-deal-from-corinthians,Alexandre Pato joins Villarreal on four-year deal from Corinthians - ESPN FC
https://business.twitter.com/fr.html,Bienvenue
https://business.twitter.com/pt.html,Bem-vindo
https://twitter.com/login?hide_message=1&redirect_after_login=https%3A%2F%2Fads.twitter.com%2Flogin%3Fref%3Dnl-btc-gobal-footer,Twitterにログイン
https://business.twitter.com/ja.html,Twitter広告のビジネス活用
https://www.theguardian.com/sport/blog/2016/jul/19/mclaren-report-russia-world-cup-ioc,After the McLaren report should Russia still have the World Cup? | Sean Ingle | Sport | The Guardian
https://ads.twitter.com/login?lang=no&ref=nl-btc-gobal-footer,"    Logg inn
"
http://adara.com/,ADARA
http://www.bbc.co.uk/,BBC - Home
https://business.twitter.com/nl/help/campaign-measurement-and-analytics/customer-feedback.html,Feedback van klanten
https://ads.twitter.com/login?lang=zh-cn&ref=nl-btc-gobal-footer,"    登录
"
https://business.twitter.com/nl/help/campaign-measurement-and-analytics/3rd-party-tracking-with-doubleclick.html,Tracking door derde partijen met DoubleClick
https://ads.twitter.com/login?lang=th&ref=pt-btc-gobal-footer,"    เข้าสู่ระบบ
"
https://ads.twitter.com/login?lang=pt&ref=nl-btc-gobal-footer,"    Entrar
"
https://ads.twitter.com/login?lang=ar&ref=nl-btc-gobal-footer,"    تسجيل الدخول
"
https://ads.twitter.com/login?lang=ru&ref=pt-btc-gobal-footer,"    Войти
"
https://ads.twitter.com/login?lang=fr&ref=nl-btc-gobal-footer,"    Se connecter
"
https://ads.twitter.com/login?lang=de&ref=pt-btc-gobal-footer,"    Anmelden
"
https://ads.twitter.com/login?ref=nl-btc-resources-home-header,"    ログイン
"
https://ads.twitter.com/login?lang=fi&ref=nl-btc-gobal-footer,"    Kirjaudu sisään
"
https://ads.twitter.com/login?ref=nl-btc-resources-home-footer,"    ログイン
"
https://ads.twitter.com/login?ref=nl-btc-help-campaignmeasure-header,"    ログイン
"
https://ads.twitter.com/login?ref=nl-btc-help-campaignmeasure-footer,"    ログイン
"
https://ads.twitter.com/login?ref=pt-btc-resources-home-footer,"    ログイン
"
http://www.dailymail.co.uk/debate/article-2607459/TOM-UTLEY-At-genuine-medical-condition-explains-I-never-listen-word-wife-says.html,A genuine medical condition that explains why I never listen to my wife says | Daily Mail Online
http://www.dailymail.co.uk/debate/article-2607462/RICHARD-LITTLEJOHN-Lifes-short-measure-goldfish.html,RICHARD LITTLEJOHN: Life's too short to measure a goldfish | Daily Mail Online
http://www.bbc.co.uk/contact,BBC Contact Us - Home
https://ads.twitter.com/login?lang=de&ref=nl-btc-resources-home-header,"    Anmelden
"
http://www.bbc.co.uk/privacy,BBC - Privacy & Cookies - Privacy and Cookies 
https://ads.twitter.com/login?lang=ko&ref=nl-btc-resources-home-header,"    로그인
"
https://ads.twitter.com/login?lang=ru&ref=nl-btc-resources-home-header,"    Войти
"
https://ads.twitter.com/login?lang=th&ref=pt-btc-resources-home-footer,"    เข้าสู่ระบบ
"
http://www.bbc.co.uk/iplayer/guidance,BBC iPlayer - Parental Controls
https://ads.twitter.com/login?lang=es&ref=pt-btc-resources-home-footer,"    Iniciar sesión
"
https://ads.twitter.com/login?lang=zh-tw&ref=pt-btc-resources-home-footer,"    登入
"
https://ads.twitter.com/login?lang=no&ref=pt-btc-resources-home-footer,"    Logg inn
"
https://ads.twitter.com/login?lang=en&ref=pt-btc-resources-home-footer,"    Sign in
"
https://ads.twitter.com/login?lang=fi&ref=pt-btc-resources-home-footer,"    Kirjaudu sisään
"
https://ads.twitter.com/login?lang=zh-cn&ref=pt-btc-resources-home-footer,"    登录
"
https://ads.twitter.com/login?lang=ja&ref=pt-btc-resources-home-footer,"    ログイン
"
http://www.espnfc.com/club/villarreal/102/index,Villarreal News and Scores - ESPN FC
https://ads.twitter.com/login?lang=fil&ref=pt-btc-resources-home-footer,"    Mag-sign in
"
http://www.espnfc.co.uk/,Football News and Scores - ESPN FC
https://ads.twitter.com/login?lang=da&ref=pt-btc-resources-home-footer,"    Log ind
"
http://www.dailymail.co.uk/debate/article-2607424/EPHRAIM-HARDCASTLE-The-zipless-dress-considered-risque-proved-hit-thanks-Duchess-Cambridge.html,EPHRAIM HARDCASTLE: Duchess of Cambridge makes 'risque' dress a hit | Daily Mail Online
http://www.dailymail.co.uk/tvshowbiz/article-2607458/Press-panic-button-Lucifers-legged-The-Mails-theatre-critic-directing-villages-Easter-play-So-Devil-disappeared-did-Bible-really-feature-green-underpants.html,Quentin Letts directs The How Caple Mysteries | Daily Mail Online
https://itunes.apple.com/app/mailonline/id400442503?ign-mpt=uo%3D4&mt=8,Connecting to the iTunes Store.
http://www.espnfc.com.au/player/93011/alexandre-pato,Alexandre Pato Player Profile - ESPN FC
http://www.espnfc.com/portuguese-liga/14/index,Portuguese Liga News and Scores - ESPN FC
http://www.dailymail.co.uk/news/article-2607442/DAILY-MAIL-COMMENT-Co-op-Labour-betrayal-values.html,"DAILY MAIL COMMENT: Co-op, Labour and a betrayal of values | Daily Mail Online"
http://www.espnfc.co.uk/english-premier-league/23/video/2918760/guardiola-i-dont-decide-what-players-eat,Guardiola: I don't decide what players eat - ESPN FC
http://www.espnfc.com.au/story/2886214/man-united-on-verge-of-signing-defender-eric-bailly-from-villarreal-reports,Man United on verge of signing defender Eric Bailly from Villarreal - reports - ESPN FC
http://www.dailymail.co.uk/news/columnist-228/Quentin-Letts-Daily-Mail.html,Quentin Letts for the Daily Mail | Daily Mail Online
http://www.espnfc.co.uk/player/207993/jose-diogo-jota,Jose Diogo Jota Player Profile - ESPN FC
http://www.espnfc.com.au/match?gameId=410770,"Penapolense vs. São Paulo - Football Match Summary - February 1, 2015 - ESPN"
http://www.espnfc.com.au/match?gameId=417643,"São Paulo vs. Cruzeiro - Football Match Summary - July 26, 2015 - ESPN"
http://www.bbc.co.uk/faqs/radio/radio_frequencies,Where can I find my favourite BBC Radio Station? - BBC - FAQs - Home
http://www.espnfc.co.uk/player/207993/jose-diogo-jota/blog,Jose Diogo Jota Blog - ESPN FC
http://www.dailymail.co.uk/news/article-3687283/May-did-shampoo-ad-pose-s-cos-m-worth-QUENTIN-LETS-sees-Theresa-flap.html,"Theresa May gets in a flap leaving 10 Downing Street, QUENTIN LETS writes | Daily Mail Online"
http://www.espnfc.co.uk/video/espn-fc-tv/86/video/2917323/marcotti-i-feel-for-mourinho,Marcotti: I feel for Mourinho - ESPN FC
http://www.espnfc.com.au/brazilian-campeonato-paulista/2322/table,Brazilian Campeonato Paulista Table - ESPN FC
http://www.bbc.co.uk/faqs/radio/contact_programme,Contact a BBC programme - BBC - FAQs - Home
http://www.espnfc.co.uk/portuguese-liga/14/index,Portuguese Liga News and Scores - ESPN FC
http://www.bbc.co.uk/aboutthebbc/scotland/about/,BBC - About BBC Scotland - About BBC Scotland
http://www.espnfc.co.uk/english-premier-league/story/1505613/christian-benteke-starts-but-aston-villa-lose-to-luton-town,Christian Benteke starts but Aston Villa lose to Luton Town - ESPN FC
http://www.espnfc.co.uk/uefa-champions-league/story/1536573/champions-league,Champions League - ESPN FC
http://www.bbc.co.uk/faqs/radio/rio_2016,Where can I find coverage of the Rio Olympics 2016? - BBC - FAQs - Home
http://www.espnfc.com.au/player/201786/marquinhos,Marquinhos Player Profile - ESPN FC
http://www.espnfc.com.au/player/140416/antoine-griezmann,Antoine Griezmann Player Profile - ESPN FC
http://www.bbc.co.uk/faqs/radio/complaints_process,How can I make a complaint and what is the complaints procedure? - BBC - FAQs - Home
http://www.espnfc.com/player/207993/jose-diogo-jota,Jose Diogo Jota Player Profile - ESPN FC
http://www.espnfc.com.au/brazilian-campeonato-paulista/2322/video,Brazilian Campeonato Paulista - ESPN FC
http://www.espnfc.com.au/match?gameId=417659,"Sport vs. São Paulo - Football Match Summary - July 19, 2015 - ESPN"
http://www.espnfc.com.au/match?gameId=417664,"São Paulo vs. Coritiba FBC - Football Match Summary - July 12, 2015 - ESPN"
http://www.bbc.co.uk/faqs/radio/,Radio FAQs - BBC - FAQs - Home
http://www.bbc.co.uk/programmes/b00p2d9w/contact, BBC Radio 2 - The Chris Evans Breakfast Show - Contact us
http://www.bbc.co.uk/commissioning/radio/articles/who-we-are-how-we-commission,BBC - Who we are and how we commission - Commissioning
http://www.dailymail.co.uk/news/article-3686746/Pound-rallies-shares-hold-steady-market-uncertainty-ends-thanks-Theresa-s-coronation-new-Prime-Minister.html,Market uncertainty ends thanks to Theresa May's coronation as new Prime Minister | Daily Mail Online
http://www.bbc.co.uk/faqs/radio/tv_takepart,"How can I take part in a programme?
 - BBC - FAQs - Home"
http://www.dailymail.co.uk/news/theresa_may/index.html,"Theresa May, UK Prime Minister News, Speeches and Updates | Daily Mail Online"
http://www.espnfc.com.au/report?gameId=418593,"Netherlands vs. France - Football Match Report - March 25, 2016 - ESPN"
http://www.bbc.co.uk/faqs/radio/tv_missed_programme,How can I catch up on a programme I missed? - BBC - FAQs - Home
http://www.bbc.co.uk/sport/olympics/rio-2016/schedule,Schedule - Olympics 2016  - Olympic Games - BBC Sport
http://www.espnfc.com.au/player/184785/giva,Giva Player Profile - ESPN FC
http://www.topgear.com/,Top Gear | The world’s greatest car website
http://www.espnfc.com/player/207993/jose-diogo-jota/blog,Jose Diogo Jota Blog - ESPN FC
http://www.bbc.co.uk/mediacentre/mediapacks/rio,BBC - Rio 2016 on the BBC - Media Centre
http://www.espnfc.com/story/1542610/nick-powell-and-bebe-make-loan-moves,Nick Powell and Bebe make loan moves - ESPN FC
http://www.dailymail.co.uk/news/article-3687238/May-s-women-march-Female-ministers-tipped-major-jobs-new-Cabinet.html,Theresa May's new Cabinet tipped to be made up of prodominantly women | Daily Mail Online
http://www.espnfc.com/uefa-champions-league/story/1536573/champions-league,Champions League - ESPN FC
http://www.bbc.co.uk/tv/programmes/a-z, BBC TV - Programmes - A to Z
http://www.espnfc.com/uefa-champions-league/2/index,UEFA Champions League News and Scores - ESPN FC
http://www.espnfc.com/english-premier-league/story/1505613/christian-benteke-starts-but-aston-villa-lose-to-luton-town,Christian Benteke starts but Aston Villa lose to Luton Town - ESPN FC
link,title
http://www.makersacademy.com/terms/,Makers Academy - Learn to code in 12 weeks
http://blog.makersacademy.com/,Makers Academy Blog
http://www.makersacademy.com/privacy/,Makers Academy - Learn to code in 12 weeks
http://www.makersacademy.com/remote-terms/,Makers Academy - Learn to code in 12 weeks
http://www.makersacademy.com/code-of-conduct/,Makers Academy - Learn to code in 12 weeks
https://www.mozilla.org/en-GB/firefox/new/,Download Firefox — Free Web Browser — Mozilla
http://blog.makersacademy.com/the-thoughtworks-scholarship-6-free-spaces-for-women/,The ThoughtWorks Scholarship: 6 free spaces for Women!
https://www.youtube.com/user/makersacademy,"  makersacademy
 - YouTube"
http://www.makersacademy.com/case-studies/lucy-fang/,Makers Academy - Learn to code in 12 weeks
http://www.makersacademy.com/case-studies/ruth-earle/,Makers Academy - Learn to code in 12 weeks
http://www.makersacademy.com/thoughtworks/,Makers Academy - Learn to code in 12 weeks
http://www.makersacademy.com/case-studies/nicola-hughes/,Makers Academy - Learn to code in 12 weeks
http://blog.makersacademy.com/robin-doble-investment-banker-to-co-founder-of-vallie/,Robin Doble: Investment Banker to Co-Founder Of Vallie
https://www.switchup.org/bootcamps/makers-academy,Makers Academy Reviews
http://blog.makersacademy.com/gender-balance-at-makers-academy/,Gender balance at Makers Academy
https://accounts.google.com/ServiceLogin?service=oz&passive=1209600&continue=https://plus.google.com/share?url%3Dhttp://blog.makersacademy.com/the-thoughtworks-scholarship-6-free-spaces-for-women/%26gpsrc%3Dgplp0&btmpl=popup,Google+
https://www.mozilla.org/en-US/firefox/47.0.1/releasenotes/,Firefox — Notes (47.0.1) — Mozilla
https://accounts.google.com/ServiceLogin?continue=https%3A%2F%2Fwww.youtube.com%2Fsignin%3Fhl%3Den%26next%3D%252Fuser%252Fmakersacademy%26feature%3Dplaylist%26app%3Ddesktop%26action_handle_signin%3Dtrue&hl=en&passive=true&service=youtube&uilel=3,YouTube
https://twitter.com/intent/tweet?url=http%3A%2F%2Fblog.makersacademy.com%2Fthe-thoughtworks-scholarship-6-free-spaces-for-women%2F&text=The%20ThoughtWorks%20Scholarship%3A%206%20free%20spaces%20for%20Women%21&original_referer=http%3A%2F%2Fblog.makersacademy.com%2Fthe-thoughtworks-scholarship-6-free-spaces-for-women%2F,Share a link on Twitter
https://www.mozilla.org/en-US/firefox/android/47.0/releasenotes/,Firefox for Android — Notes (47.0) — Mozilla
https://www.mozilla.org/en-US/firefox/ios/4.0/releasenotes/,Firefox for iOS — Notes (4.0) — Mozilla
https://twitter.com/makersacademy,Makers Academy (@makersacademy) | Twitter
https://accounts.google.com/signin/recovery?continue=https%3A%2F%2Fplus.google.com%2Fshare%3Furl%3Dhttp%3A%2F%2Fblog.makersacademy.com%2Fthe-thoughtworks-scholarship-6-free-spaces-for-women%2F%26gpsrc%3Dgplp0&hl=en&ignoreShadow=0&service=oz,Google Accounts
https://mixpanel.com/?from=partner,Mixpanel | Mobile Analytics
https://www.thoughtworks.com/,Agile Development and Experience Design | ThoughtWorks
https://www.youtube.com/,YouTube
https://accounts.google.com/ServiceLogin?continue=https%3A%2F%2Fplus.google.com%2Fshare%3Furl%3Dhttp%3A%2F%2Fblog.makersacademy.com%2Fthe-thoughtworks-scholarship-6-free-spaces-for-women%2F%26gpsrc%3Dgplp0&service=oz&sacu=1&rip=1,Google+
https://www.mozilla.org/en-US/contact/,"Contacts, Spaces and Communities — Contact us — Mozilla"
https://www.mozilla.org/en-US/firefox/android/all/,Mozilla Firefox Web Browser — Download Firefox for Android in your language — Mozilla
https://twitter.com/firefox,Firefox (@firefox) | Twitter
https://accounts.google.com/SignUp?btmpl=popup&continue=https%3A%2F%2Fplus.google.com%2Fshare%3Furl%3Dhttp%3A%2F%2Fblog.makersacademy.com%2Fthe-thoughtworks-scholarship-6-free-spaces-for-women%2F%26gpsrc%3Dgplp0&service=oz,"
  Create your Google Account
  "
https://www.mozilla.org/en-US/contact/communities/venezuela/,"Contacts, Spaces and Communities — Venezuela — Mozilla"
https://twitter.com/,Twitter
https://accounts.google.com/ServiceLogin?continue=https%3A%2F%2Fwlink,title
https://www.mozilla.org/en-GB/firefox/new/,Download Firefox — Free Web Browser — Mozilla
http://www.makersacademy.com/privacy/,Makers Academy - Learn to code in 12 weeks
http://blog.makersacademy.com/,Makers Academy Blog
http://www.makersacademy.com/terms/,Makers Academy - Learn to code in 12 weeks
http://www.makersacademy.com/code-of-conduct/,Makers Academy - Learn to code in 12 weeks
http://www.makersacademy.com/remote-terms/,Makers Academy - Learn to code in 12 weeks
http://blog.makersacademy.com/changingourprices/,We're changing our prices
http://www.makersacademy.com/payment/,Makers Academy - Learn to code in 12 weeks
http://www.makersacademy.com/apply/,Makers Academy - Learn to code in 12 weeks
https://www.gov.uk/career-development-loans/overview,Professional and Career Development Loans - GOV.UK
https://www.mozilla.org/en-US/firefox/47.0.1/releasenotes/,Firefox — Notes (47.0.1) — Mozilla
https://www.youtube.com/user/makersacademy,"  makersacademy
 - YouTube"
http://blog.makersacademy.com/let-developers-hire-other-developers/,Why we shouldn't let HR be in charge
https://www.edaid.com/university/makers-academy/apply,EdAid  - Crowdfunding for Education. Interest Free.
http://blog.makersacademy.com/playing-in-irb/,Playing in IRB
https://makersacademy.futurefinance.com/,Private Student Loans in the UK | Future Finance
https://www.edaid.com/,EdAid  - Crowdfunding for Education. Interest Free.
https://apply.makersacademy.com/remote/application,
https://twitter.com/makersacademy,Makers Academy (@makersacademy) | Twitter
https://accounts.google.com/ServiceLogin?service=oz&passive=1209600&continue=https://plus.google.com/share?url%3Dhttp://blog.makersacademy.com/let-developers-hire-other-developers/%26gpsrc%3Dgplp0&btmpl=popup,Google+
https://apply.makersacademy.com/,
http://blog.makersacademy.com/do-you-recruit-employees-like-you-attract-customers/,Do you recruit employees like you attract customers?
https://mixpanel.com/?from=partner,Mixpanel | Mobile Analytics
https://twitter.com/intent/tweet?text=We%27re%20Changing%20our%20Prices%21&url=http%3A%2F%2Fblog.makersacademy.com%2Fchangingourprices%2F&original_referer=http%3A%2F%2Fblog.makersacademy.com%2Fchangingourprices%2F,Share a link on Twitter
https://www.youtube.com/firefox,"  Firefox
 - YouTube"
https://twitter.com/login?redirect_after_login=%2Fmakersacademy%2Flikes,Login on Twitter
https://www.switchup.org/bootcamps/makers-academy,Makers Academy Reviews
https://twitter.com/,Twitter
https://mixpanel.com/jobs/,Jobs - Mixpanel | Mobile Analytics
https://accounts.google.com/ServiceLogin?continue=https%3A%2F%2Fwww.youtube.com%2Fsignin%3Fnext%3D%252Ffirefox%26hl%3Den%26feature%3Dplaylist%26app%3Ddesktop%26action_handle_signin%3Dtrue&hl=en&passive=true&service=youtube&uilel=3,YouTube
https://twitter.com/account/complete,Twitter / Complete Mobile Account
https://www.youtube.com/watch?v=oi0nYuxm01I,Contributor Story - Orabile Mudongo - YouTube
https://www.coursereport.com/schools/makers-academy,Makers Academy Reviews | Course Report
https://mixpanel.com/help/,Help Center - Mixpanel | Mobile Analytics
https://www.moneyadviceservice.org.uk/en,"Free and impartial money advice, set up by government - Money Advice Service,Money Advice Service Facebook page,Money Advice Service Twitter page,Money Advice Service Youtube channel"
https://www.olark.com/site/3389-415-10-8365/contact,"
Olark | Site Contact
"
https://accounts.google.com/ServiceLogin?service=oz&passive=1209600&continue=https://plus.google.com/share?url%3Dhttp://blog.makersacademy.com/changingourprices/%26gpsrc%3Dgplp0&btmpl=popup,Google+
https://www.youtube.com/user/mozillians,"  mozillians's channel
 - YouTube"
https://twitter.com/Londonist,Londonist (@Londonist) | Twitter
https://mixpanel.com/privacy/,Privacy policy - Mixpanel | Mobile Analytics
https://accounts.google.com/ServiceLogin?continue=https%3A%2F%2Fwww.youtube.com%2Fsignin%3Fapp%3Ddesktop%26action_handle_signin%3Dtrue%26hl%3Den%26next%3D%252Fwatch%253Fv%253Doi0nYuxm01I%26feature%3Dplaylist&hl=en&passivlink,title
http://www.makersacademy.com/privacy/,Makers Academy - Learn to code in 12 weeks
http://www.makersacademy.com/terms/,Makers Academy - Learn to code in 12 weeks
http://www.makersacademy.com/code-of-conduct/,Makers Academy - Learn to code in 12 weeks
https://www.mozilla.org/en-GB/firefox/new/,Download Firefox — Free Web Browser — Mozilla
http://blog.makersacademy.com/,Makers Academy Blog
http://www.makersacademy.com/remote-terms/,Makers Academy - Learn to code in 12 weeks
https://www.mozilla.org/en-US/firefox/47.0.1/releasenotes/,Firefox — Notes (47.0.1) — Mozilla
https://www.gov.uk/browse/visas-immigration/student-visas,Student visas - GOV.UK
https://www.mozilla.org/en-US/firefox/android/47.0/releasenotes/,Firefox for Android — Notes (47.0) — Mozilla
https://www.youtube.com/user/makersacademy,"  makersacademy
 - YouTube"
https://www.mozilla.org/en-US/firefox/ios/4.0/releasenotes/,Firefox for iOS — Notes (4.0) — Mozilla
https://www.mozilla.org/en-US/privacy/websites/,"Websites, Communications & Cookies Privacy Notice — Mozilla"
https://www.mozilla.org/en-US/,We’re building a better Internet — Mozilla
https://www.mozilla.org/en-US/about/legal/,Legal — Mozilla
https://www.switchup.org/bootcamps/makers-academy,Makers Academy Reviews
https://www.mozilla.org/en-US/firefox/android/all/,Mozilla Firefox Web Browser — Download Firefox for Android in your language — Mozilla
https://www.gov.uk/government/organisations/government-digital-service,Government Digital Service - GOV.UK
http://www.nationalarchives.gov.uk/information-management/re-using-public-sector-information/copyright-and-re-use/crown-copyright/,Crown copyright - The National Archives
https://www.mozilla.org/en-US/firefox/new/?scene=2,Download Firefox — Free Web Browser — Mozilla
https://www.nationalarchives.gov.uk/doc/open-government-licence/version/3/,Open Government Licence
https://twitter.com/makersacademy,Makers Academy (@makersacademy) | Twitter
https://www.nationalarchives.gov.uk/doc/open-government-licence-cymraeg/version/3/,Open Government Licence
https://mixpanel.com/?from=partner,Mixpanel | Mobile Analytics
https://www.nationalarchives.gov.uk/doc/open-government-licence/version/1/,Open Government Licence
https://www.nationalarchives.gov.uk/doc/open-government-licence/version/2/,Open Government Licence
https://www.youtube.com/,YouTube
https://support.mozilla.org/en-US/kb/will-firefox-work-my-mobile-device,Will Firefox work on my mobile device? | Firefox for Android Help
https://mixpanel.com/jobs/,Jobs - Mixpanel | Mobile Analytics
https://twitter.com/,Twitter
http://www.flashtalking.com/us/privacypolicy/,Privacy Policy | Flashtalking
https://www.nationalarchives.gov.uk/information-management/re-using-public-sector-information/licensing-for-re-use/,Licensing for re-use - The National Archives
https://developer.mozilla.org/en-US/Firefox/Releases/47,Firefox 47 for developers - Mozilla | MDN
https://www.nationalarchives.gov.uk/rss/,RSS feeds | The National Archives
https://accounts.google.com/ServiceLogin?continue=https%3A%2F%2Fwww.youtube.com%2Fsignin%3Fnext%3D%252F%26action_handle_signin%3Dtrue%26hl%3Den%26app%3Ddesktop%26feature%3Dplaylist&hl=en&passive=true&service=youtube&uilel=3,YouTube
https://mixpanel.com/help/,Help Center - Mixpanel | Mobile Analytics
https://twitter.com/i/directory/profiles,Twitter / Profile Directory
https://mixpanel.com/privacy/,Privacy policy - Mixpanel | Mobile Analytics
https://mixpanel.com/terms/,Terms of use - Mixpanel | Mobile Analytics
https://developer.mozilla.org/en-US/profiles/Chealer,Chealer | MDN
https://twitter.com/hashtag/Rails?src=hash,#Rails hashtag on Twitter
https://twitter.com/i/directory/profiles/26,Twitter / Profile Directory
https://boards.greenhouse.io/mixpanel/jobs/220901,Job Application for Solutions Architect at Mixpanel
https://twitter.com/i/directory/profiles/25,Twitter / Profile Directory
https://www.widevine.com/,Widevine Technologies - Multiplatform DRM and Content Protection - CWIP Training
https://www.coursereport.com/schools/makers-academy,Makers Academy Reviews | Course Report
https://developer.mozilla.org/fr/docs/Web/JavaScript/Reference/Fonctions/Valeurs_par_d%C3%A9faut_des_arguments$history,Historique des révisions | Valeurs par défaut des arguments | MDN
https://developer.mozilla.org/en-US/Firefox/Releases/4,Firefox 4 for developers - Mozilla | MDN
https://support.twitter.com/articles/14226,Tweeting via text message | Twitter Help Center
http://www.widevine.com/contact.html,Widevine Technologies - Contact Us
http://www.widevine.com/cwip/index.html,Widevine Technologies - CWIP Program - Overview
https://www.widevine.com/product_news.html,Widevine Technologies - Getting Started
https://www.widevine.com/company.html,Widevine Technologies - Company Profile
https://developer.mozilla.org/en-US/docs/Mozilla/Thunderbird/Gloda_indexing$compare?from=466225&to=1075448,Compare Revisions | Gloda indexing | MDN
https://developer.mozilla.org/fr/docs/Web/JavaScript/Reference/Fonctions/Valeurs_par_d%C3%A9faut_des_arguments$compare?from=1054880&to=1069976,Comparer les révisions | Valeurs par défaut des arguments | MDN
https://developer.mozilla.org/fr/users/signin?next=/fr/docs/Web/JavaScript/Reference/Fonctions/Valeurs_par_d%25C3%25A9faut_des_arguments%24edit,Mozilla Developer Network
https://developer.mozilla.org/fr/docs/Web/JavaScript/Reference/Fonctions/Valeurs_par_d%C3%A9faut_des_arguments,Valeurs par défaut des arguments - JavaScript | MDN
https://developer.mozilla.org/en-US/docs/Web/HTML/Element/input,<input> - HTML | MDN
https://developer.mozilla.org/en-US/docs/Web/HTML/Element/input$compare?from=1070482&to=1071456,Compare Revisions | &lt;input&gt; | MDN
https://dev.twitter.com/,Twitter Developers
https://developer.mozilla.org/zh-TW/docs/Firefox_4_for_developers,Firefox 4 技術文件 | MDN
https://www.coursereport.com/,Coding Bootcamp Reviews: Course Report
